source_paper,cited_by
10.1109/JPROC.2021.3052449,10.1109/TPAMI.2021.3108223
10.1145/3341105.3374013,10.1016/j.patrec.2020.09.024
10.1109/IJCNN48605.2020.9206730,10.1109/TNNLS.2020.3017863
10.1073/pnas.2020324118,10.1073/pnas.2022038118
